dep,revratio2022,revratioadu2022,revratiofoy2022,revtot2022,pop2022_x,nadult2022,nfoyer2022,revmoyfoy2022,revmoyadu2022,revmoy2022,pibhab2022,pib2022,pop2022_y,nodiph2022,nodipf2022,nodip2022,bach2022,bacf2022,bac2022,suph2022,supf2022,sup2022,pbac2022,psup2022,popf2022,poph2022,popf0142022,popf15392022,popf40592022,popf60p2022,poph0142022,poph15392022,poph40592022,poph60p2022,agef2022,ageh2022,age2022,pop2022,propf2022,propf0142022,propf15392022,propf40592022,propf60p2022,prop0142022,prop15392022,prop40592022,prop60p2022
01,1.042793,1.0602247,1.1178894,0.010668574,678737,506445,360186,36927.734,26263.174,19655.174,0.72144055,0.0074006519,678737,122681,124110,246681,38249,43392,81029,70462,81053,151268,0.4849847,0.31581408,347620,337602,65071,95507,96358,90684,68730,96428,95267,77177,41.65409314554091,39.42788738033536,40.5572636487002,685222,0.50731003,0.48632669,0.49760076,0.50284672,0.54023272,0.19526665,0.28010631,0.27965391,0.24497317
02,0.80404884,0.80497843,0.80545694,0.0063380301,522956,407852,305661,26607.014,19940.385,15155.184,0.62331438,0.004926519,522956,116705,121244,237518,28210,32465,59262,37707,45637,82458,0.37369671,0.21743074,274339,263826,48561,71055,69177,85546,51380,73402,68689,70355,43.3681415031152,40.57238105058546,41.99756922977796,538165,0.50976747,0.48589668,0.49187648,0.50176984,0.54872,0.18570699,0.26842511,0.25617793,0.28968996
03,0.86972922,0.82290822,0.8073585,0.0043116035,328888,271701,207669,26669.83,20384.529,16393.166,0.68707359,0.0034152237,328888,71728,77916,149534,19558,24103,43197,26234,34536,60446,0.40936974,0.23874997,176558,161296,24546,38025,45296,68691,26205,38721,41307,55063,48.08110611148071,44.64773360567307,46.44196833892509,337854,0.5225867,0.48365548,0.49546555,0.5230304,0.55506086,0.15021577,0.22715729,0.25633261,0.36629432
04,0.93258262,0.89020705,0.86064249,0.0023479201,167028,133138,103268,28429.982,22051.611,17577.863,0.71083319,0.0017944232,167028,32867,31393,64072,10538,13201,23354,16902,21043,37761,0.48818967,0.30163676,85519,81557,12437,19246,22863,30973,13275,19834,21563,26885,47.30099655916992,44.74874536671043,46.05513244737039,167076,0.51185685,0.48370412,0.49247697,0.51463109,0.53532785,0.15389404,0.23390552,0.26590294,0.3462975
05,0.90466762,0.87458205,0.86451632,0.0019439466,142557,116305,88231,28557.949,21664.559,17051.705,0.73682779,0.0015875319,142557,27870,26495,54148,9273,10202,19218,15236,21154,36282,0.50616521,0.33089522,74880,73018,11062,17362,19829,26627,13087,18476,19347,22108,47.01238386692145,43.25594485915903,45.15781064671815,147898,0.50629491,0.45807281,0.48445785,0.50615174,0.546363,0.16328146,0.24231565,0.26488525,0.32951763
06,1.2256125,1.1791604,1.0378281,0.020418415,1105254,859598,732383,34283.035,29209.367,23101.063,1.0109582,0.016887415,1105254,183100,197508,380558,55301,77254,132386,132296,161417,293561,0.52813929,0.36399156,574902,512252,83439,146109,146902,198452,85922,140509,136264,149557,46.4439620648669,43.10041876640447,44.8685303745495,1087154,0.52881378,0.49266949,0.50976908,0.51878405,0.57024962,0.15578382,0.26364067,0.26046541,0.32011011
07,0.88609236,0.85821754,0.85860115,0.0044633369,334175,264090,197949,28362.551,21259.188,16701.588,0.63407469,0.0032024493,334175,70151,68875,138828,20367,22990,42966,29883,38622,68259,0.44480571,0.27297813,172758,164154,28376,38902,45484,59996,28459,38987,46039,50669,46.04447919947398,43.86321817357148,44.981701023848,336912,0.51276892,0.49926981,0.49945435,0.49696797,0.54214072,0.1686939,0.231185,0.27165255,0.32846856
08,0.80514395,0.78712678,0.79560924,0.0031729795,261449,211535,156936,26281.711,19498.176,15175.825,0.65183896,0.0025756992,261449,60003,62878,122529,15776,17084,32116,19755,25237,44571,0.38494399,0.22373202,140245,132236,23082,34325,36314,46524,23500,34011,36062,38663,44.76711280814866,42.30600193558747,43.57272702830083,272481,0.51469642,0.49551329,0.50229746,0.50174093,0.54613966,0.17095503,0.25079179,0.26561853,0.31263465
09,0.81589466,0.77616346,0.7603038,0.0018939197,154000,125461,96044,25115.451,19226.6,15378.461,0.65008008,0.0015130576,154000,31847,31282,62757,10440,12244,22049,14853,18288,32656,0.46572509,0.27801332,80118,77114,12340,16725,22162,28891,11967,19056,21133,24958,47.35181702912581,44.78617316229535,46.09350410089544,157232,0.50955278,0.50767267,0.46742684,0.51188362,0.53651881,0.15459321,0.22756818,0.27535743,0.34248117
10,0.84688419,0.84756696,0.87293136,0.0039877496,312390,243337,177173,28835.928,20995.359,15962.569,0.69753236,0.0032932851,312390,65332,71117,136204,16334,18938,34523,23567,30019,53111,0.39150634,0.23727427,166428,153647,29475,44087,40726,52140,29654,43537,39651,40805,43.57951717554118,40.68303355907357,42.1891058614192,320075,0.51996565,0.49848637,0.50313842,0.50668722,0.56097692,0.18473482,0.27376083,0.25111926,0.29038507
11,0.80770165,0.77256131,0.77532113,0.0046587889,382662,303731,226953,25611.525,19137.369,15224.034,0.62873125,0.0036362044,382662,76973,77341,153914,22451,30444,52215,36658,43554,79857,0.46181282,0.27923396,196934,185325,28498,45003,50311,73122,31565,43939,47751,62070,47.47978326596284,44.58663718095566,46.07714191132288,382259,0.51518476,0.47446847,0.50598145,0.51305294,0.5408752,0.15712646,0.2326747,0.25653288,0.35366598
12,0.85325271,0.81722617,0.85081899,0.0036081823,280546,232081,167163,28105.479,20243.777,16082.607,0.77095753,0.0032689059,280546,60381,59739,119995,18538,20536,38619,28096,33548,61332,0.45443428,0.27885026,147185,144685,21950,31819,37216,56200,23291,35143,38666,47585,48.16338579040687,44.88751393534473,46.53947971890445,291870,0.50428271,0.48517936,0.47517994,0.4904457,0.54150409,0.15500394,0.22942406,0.2599856,0.35558638
13,1.0000439,0.99506503,0.95206511,0.031355999,2080151,1584263,1241674,31449.986,24649.082,18849.412,0.97551173,0.030668691,2080151,333408,351670,685075,105314,135109,240403,242270,293485,535756,0.53116679,0.36664626,1077520,994195,177499,305809,276038,318174,189663,295817,258944,249771,43.28446281875496,40.27363721476413,41.83959822576042,2071715,0.52011013,0.48343509,0.50830418,0.51597625,0.56021976,0.17722611,0.29039997,0.25823146,0.27414244
14,0.86113167,0.87791938,0.93738091,0.0090689389,698683,581292,408252,30964.918,21747.229,16231.114,0.84447175,0.0089172963,698683,148850,158866,307479,39214,47737,86283,70452,85406,155408,0.44010234,0.28298706,403269,377406,66978,107740,99369,129182,71900,107803,97105,100598,43.61264122471673,40.41949380056205,42.06895996953758,780675,0.51656449,0.48227942,0.49985385,0.50576156,0.56219864,0.17789477,0.27609825,0.25167194,0.29433504
15,0.83718628,0.78564179,0.80214018,0.0018015803,142766,121241,89047,26497.451,19461.391,15779.777,0.66481286,0.0014344722,142766,35539,33125,68513,9742,11214,20531,11337,14742,25836,0.40361246,0.22489554,75458,74436,10566,14674,20258,29960,11056,16772,20492,26116,49.12540685952006,46.47734247429341,47.81040158433965,149894,0.50340909,0.48866895,0.46664122,0.49712884,0.53427494,0.1442486,0.20978825,0.27185878,0.37410438
16,0.8887139,0.84879601,0.84614867,0.0046909014,350177,285211,214545,27951.203,21025.805,16751.0,0.84152466,0.0044537145,350177,75588,81117,156584,21052,26196,46629,32535,36444,68530,0.4237791,0.25218681,188022,175477,27796,42356,49020,68850,28320,44715,45574,56868,47.19321244214213,44.22884571856283,45.7621816298089,363499,0.5172559,0.49533111,0.48645359,0.5182147,0.54765427,0.15437731,0.23953573,0.26023179,0.34585515
17,0.99678463,0.9417882,0.91966182,0.010000898,665627,534916,410777,30379.596,23329.344,18787.98,0.70760155,0.0071184859,665627,131885,145532,277358,38592,49478,87331,63423,74654,137705,0.44792733,0.27409762,348869,316434,49729,76284,86136,136720,48919,77274,80706,109535,48.1219639509081,45.01897120652529,46.64610678036455,665303,0.52437609,0.50410551,0.49677646,0.5162729,0.55519682,0.1482753,0.23080912,0.25077596,0.37013963
18,0.90719891,0.87196338,0.84993047,0.0040249592,294342,239628,184352,28076.129,21599.691,17099.416,0.75121695,0.003341839,294342,65280,70032,135214,15601,19487,34678,25977,30104,55713,0.40066046,0.24694932,155999,147047,24150,34203,39543,58103,25101,35943,39367,46636,47.1504048165473,43.8922536325778,45.56945236301823,303046,0.51477003,0.49034536,0.48759729,0.5011152,0.55474085,0.16251989,0.23146981,0.26038951,0.34562081
19,0.89309347,0.85330099,0.85672945,0.0032147623,238806,194410,145202,28300.723,21137.398,16833.549,0.74218541,0.0026787091,238806,47795,52368,99940,16729,18645,34912,21627,25673,47047,0.45057422,0.25864354,125111,119613,17836,28307,30902,48066,20147,30719,30193,38554,47.96664279502614,43.66222197925794,45.86278393832823,244724,0.51123309,0.4695785,0.47956833,0.50580245,0.55490649,0.1552075,0.24119416,0.24964859,0.35394976
21,0.98040521,0.96325427,1.0008123,0.007933775,536868,422828,305174,33060.273,23861.088,18479.252,0.91907579,0.0074573881,536868,95319,99140,193710,30464,33834,63099,57326,69638,126133,0.49415317,0.32937887,282812,265167,44758,80864,70722,86468,46537,81886,67387,69357,43.56681127291802,40.67710508833028,42.16848287171867,547979,0.51610005,0.49025685,0.49686021,0.51207381,0.55490452,0.1666031,0.29700044,0.25203338,0.28436309
22,0.9109841,0.891491,0.89998603,0.0082906177,603767,484125,359612,29729.637,22083.416,17170.762,0.75109011,0.0068537667,603767,119519,131823,251294,39402,45342,84321,59891,69229,128971,0.45910123,0.27760413,327096,301934,53193,71043,80538,122322,53907,70495,80553,96979,46.88090587946897,43.86683508602304,45.43415388667621,629030,0.52000064,0.49666667,0.5019359,0.49995345,0.55778134,0.17026214,0.22500993,0.25609431,0.34863362
23,0.78565037,0.72866309,0.72667235,0.0013340706,112653,98287,73906,24004.488,18049.953,14808.398,0.60990256,0.0010384154,112653,28541,29004,57338,8017,9094,16640,8581,11169,19357,0.38567525,0.20739272,61433,58745,8350,11001,15357,26725,8568,12669,14441,23067,50.77157665251009,47.35754282009207,49.10273994149076,120178,0.51118344,0.49355716,0.46476552,0.51537013,0.53673279,0.14077452,0.19695784,0.24794887,0.41431877
24,0.84852195,0.79517132,0.81024039,0.0052451189,410096,349549,257247,26765.029,19697.449,15993.438,0.70631313,0.0043777474,410096,93937,100972,194659,25796,32788,57748,37906,44335,81688,0.41735435,0.2445053,224933,208693,30078,45763,59744,89348,32356,46785,54095,75457,49.0688793658606,46.21371215329558,47.69476055963351,433626,0.51872581,0.48175675,0.49447855,0.52481133,0.54214376,0.14398122,0.21342815,0.26252809,0.38006255
25,0.96882963,0.98103696,1.0107334,0.0080791591,553238,418856,304866,33388.0,24301.588,18261.068,0.77549112,0.0064842054,553238,97419,101161,198226,30978,32902,63206,56972,67260,123821,0.48546541,0.32140177,284677,273745,49622,81972,71174,81909,54015,84326,68684,66720,42.57586708002249,39.5342630164469,41.08483699357821,558422,0.50978827,0.47880584,0.49292234,0.50890189,0.55109704,0.18558903,0.29779989,0.25045216,0.26615894
26,0.91852933,0.91760564,0.91434038,0.0073983991,534365,406429,305864,30203.809,22730.311,17312.979,0.89128649,0.0071981885,534365,96563,99305,195601,29883,36679,66125,54905,65088,119771,0.48728037,0.31395003,273748,260600,48971,68092,69210,87475,50492,72028,67195,70885,44.30117088946733,41.07853919590608,42.72950237373288,534348,0.51230282,0.49235395,0.48595491,0.50738609,0.55238068,0.186139,0.2622261,0.25527373,0.29636118
27,0.83702445,0.86326522,0.91734165,0.0075784195,600667,484767,342091,30302.951,21384.227,15776.728,0.66120052,0.006002537,600667,132352,137946,270088,35940,42275,77239,51435,63679,114585,0.41528258,0.24806674,340672,320011,64746,87577,89875,98474,66072,87475,87747,78717,42.32854614485347,39.90341691448021,41.15390107099632,660683,0.51563609,0.49493188,0.50029135,0.50599027,0.55575055,0.19800419,0.26495612,0.26884604,0.26819366
28,0.90926188,0.91850191,0.95241076,0.0058849882,429388,338916,245100,31461.404,22752.512,17138.301,0.72959328,0.0047347671,429388,93056,96173,189042,21643,27244,48157,39414,46320,85443,0.41408125,0.26482293,233537,219547,43063,57883,61043,71548,43356,57826,59601,58764,43.6568961705174,40.99227207411472,42.36572239275633,453084,0.51543862,0.49830478,0.50024629,0.50597626,0.54905152,0.19073506,0.2553809,0.26627293,0.28761113
29,0.95371163,0.92750573,0.93200409,0.01328766,924325,724419,540610,30787.303,22975.549,17976.115,0.80819088,0.011290328,924325,148458,167732,316155,62917,65054,127822,105643,120312,225936,0.52806556,0.33726171,474764,451601,73385,115439,122729,163211,78080,123945,122409,127167,45.80752846769041,41.93142035371751,43.91793360180399,926365,0.51250207,0.48450136,0.48223355,0.50065267,0.56206393,0.16350466,0.25841218,0.26462355,0.3134596
2A,0.94156545,0.90013206,0.93911505,0.0023468912,165362,130923,94102,31022.201,22297.467,17747.178,0.88384295,0.0022089134,165362,30367,30744,61108,12259,15361,27604,16824,20250,37068,0.51416761,0.29470503,84889,79602,11902,22032,23084,27871,13006,20581,22442,23573,46.04384442858894,43.57957884696335,44.85131408556713,164491,0.51607078,0.47783846,0.51702529,0.50705093,0.54177356,0.15142469,0.25905976,0.27676895,0.31274658
2B,0.81156719,0.78202701,0.8249141,0.0023402367,191306,146285,103994,27249.752,19371.848,15296.894,0.72075069,0.0020839225,191306,36143,33662,69787,11757,15815,27531,17727,22606,40316,0.49295232,0.29292181,95825,89619,14437,25493,25505,30390,14754,24389,24158,26318,44.94053991606862,43.30380346379752,44.14955864726915,185444,0.51673281,0.49457026,0.51106614,0.51356143,0.53590322,0.1574114,0.26898685,0.2678059,0.30579582
30,0.86787349,0.84810311,0.85198534,0.0099531226,760845,600681,448390,28144.008,21008.641,16358.188,0.68240666,0.007847066,760845,143957,149184,292916,43530,52858,95921,75931,94278,170063,0.47590625,0.30428162,399035,373047,64515,98381,102755,133384,66716,100444,95973,109914,45.269905011043,42.30929646368796,43.83942771009887,772082,0.51682985,0.49161401,0.49481201,0.5170635,0.54823303,0.16997029,0.25751799,0.25739235,0.31511939
31,1.0069032,1.0166898,1.0277811,0.022498976,1482410,1098394,814782,33951.148,25184.756,18978.701,1.1354162,0.025438489,1482410,182724,188218,370543,72050,86393,157670,221274,237488,458269,0.62437934,0.46454877,747157,710555,126619,255038,187312,178188,131400,249523,184306,145326,40.16197614527979,38.28749674033715,39.2482689091221,1457712,0.51255459,0.49073517,0.50546515,0.50404447,0.55078912,0.17700273,0.34613216,0.25493237,0.22193272
32,0.86588001,0.82601351,0.83446747,0.0025075949,192129,157801,117134,27565.332,20461.451,16320.613,0.64022923,0.0018590724,192129,40114,39387,78852,13678,15324,28102,19540,23249,42287,0.47164652,0.28334707,100128,97751,15099,20440,26615,37974,16294,21047,26804,33606,48.29360156914189,45.87406668202681,47.09836637455992,197879,0.50600618,0.4809671,0.49268445,0.49823096,0.53051132,0.15864746,0.20965843,0.2699579,0.36173621
33,1.0058079,0.9991774,0.99895751,0.026099022,1721482,1298747,974127,32999.004,24750.951,18958.057,0.9604671,0.024989229,1721482,256651,278683,535167,90921,111751,202146,207644,237485,444736,0.5472548,0.37624159,882656,814064,142850,268629,224959,246218,148706,258727,215639,190992,42.30112105394704,39.56857202770917,40.99008013050663,1696720,0.52021313,0.48995733,0.50938833,0.51057655,0.56315732,0.17183506,0.31080908,0.25967631,0.25767952
34,0.91902441,0.90465492,0.89098686,0.017230628,1243848,941754,717042,29432.361,22409.504,17322.311,0.78904504,0.014833272,1243848,191218,200125,391202,63593,82523,145731,146054,175471,321322,0.5441891,0.37438989,634139,584951,98777,185914,154209,195239,104684,181316,145650,153301,43.60354877320386,40.61893705987649,42.17145464371093,1219090,0.52017409,0.48548371,0.5062604,0.51427174,0.56016237,0.16689579,0.30123287,0.24596953,0.28590178
35,0.93872499,0.95411444,1.0058911,0.015943181,1126756,841414,598487,33228.043,23634.682,17693.639,0.98014748,0.016691264,1126756,170300,175907,346191,62058,67549,129362,131873,153638,285372,0.54503924,0.37503302,578166,552346,103746,175866,146447,152107,110450,174535,147722,119639,41.22703498253934,38.4815732796237,39.88565667332175,1130512,0.51141959,0.48435077,0.50189924,0.49783286,0.55973959,0.18946813,0.30994895,0.26020864,0.24037427
36,0.86284959,0.80852699,0.79410893,0.0027632036,212457,177202,135294,26232.15,20028.287,16263.495,0.67562068,0.0021694112,212457,51628,53608,105173,11419,15063,26124,15336,19587,34623,0.36612222,0.20867285,113894,104726,15948,23823,29879,44244,15921,22587,29133,37085,48.52504621906954,46.12188429007694,47.37385438614233,218620,0.5209679,0.50042361,0.51331609,0.50632077,0.54401261,0.14577349,0.21228616,0.26992956,0.3720108
37,0.95923507,0.94731432,0.95202333,0.0089099947,616234,481458,359253,31448.607,23466.234,18080.225,0.82939446,0.0077245771,616234,107079,116074,223098,34650,38205,72457,66856,80616,147313,0.49624267,0.33263409,327095,297787,53468,89974,80908,102745,54755,83554,79598,79880,43.7414091329336,41.30475270675721,42.58022263509601,624882,0.52345085,0.49405393,0.51849848,0.50408083,0.56260097,0.17318949,0.27769724,0.25685808,0.29225516
38,0.98716187,0.99705124,1.026081,0.019324828,1298735,986178,718599,33894.984,24698.283,18606.605,0.94855547,0.018618777,1298735,207869,214558,422315,66738,77798,143990,157922,179889,337510,0.53274179,0.3734282,673078,639222,123529,190032,173538,185979,124427,190377,176884,147534,42.01521505124185,39.58183478519553,40.82991418604933,1312300,0.51289952,0.49818918,0.49954653,0.49522576,0.55763644,0.18894765,0.28987959,0.26702887,0.25414386
39,0.93252158,0.91393977,0.92645013,0.0036225023,257717,207770,153700,30603.836,22639.502,17576.713,0.71934152,0.0028018579,257717,54692,55749,110180,17241,19990,36471,23006,28513,50905,0.44228473,0.25767377,138881,131216,22873,33036,36690,46282,23845,32911,36484,37976,45.61752686102376,42.68851042753196,44.19457943296651,270097,0.51418936,0.48959717,0.50094771,0.50140762,0.54928911,0.17296749,0.24416043,0.27091748,0.31195459
40,0.94903237,0.9107998,0.90201396,0.006106846,426903,338817,256549,29796.625,22561.721,17887.918,0.71411914,0.0046075257,426903,86393,90582,176920,26565,32412,58639,39372,46094,85213,0.4484556,0.26564974,220588,207474,32855,49731,58226,79776,35634,50623,56059,65158,47.02500415128047,43.76996973797206,45.4473468093918,428062,0.51531786,0.47971207,0.49555573,0.50948066,0.55042988,0.15999785,0.234438,0.26698235,0.3385818
41,0.91369599,0.8921538,0.90471292,0.004481155,325373,264456,195559,29885.781,22099.834,17221.877,0.72070491,0.0035441075,325373,73455,76489,149883,17684,22146,39482,27890,34076,61702,0.40301594,0.2457591,176035,166532,29247,40005,45524,61259,29849,41104,44842,50737,46.04705290741687,42.84445161438978,44.49017306100773,342567,0.5138703,0.4949066,0.49322516,0.50377357,0.5469749,0.17250931,0.23676828,0.26379073,0.32693166
42,0.86761868,0.86319155,0.88570684,0.010121755,773963,595149,434949,29257.945,21382.4,16353.386,0.8136059,0.0095170457,773963,146479,155498,301889,43475,50296,93382,66562,82280,148705,0.44503251,0.27336684,401468,377280,68200,106085,98376,128807,72419,107323,95365,102173,44.13406161645671,40.86643276813174,42.55099383691611,778748,0.51553005,0.48499846,0.49709946,0.50777066,0.55765432,0.1805706,0.27403986,0.24878523,0.29660431
43,0.85398805,0.8227095,0.83843416,0.002942302,228575,183865,135292,27696.365,20379.607,16096.467,0.62262672,0.0021509205,228575,48268,46782,94894,14597,16710,30931,19639,26352,45684,0.44671124,0.26636502,118682,114089,18717,26139,33004,40822,19328,28639,32675,33447,46.47757862353537,43.23315146061988,44.887373987395,232771,0.50986594,0.49197003,0.47718063,0.50250459,0.54965061,0.16344389,0.23533,0.28216144,0.31906465
44,0.98690802,1.0082753,1.032321,0.022474652,1510809,1116542,817777,34101.113,24976.316,18601.82,0.9837001,0.022461575,1510809,218466,243953,462410,80049,89746,169787,187640,207733,395362,0.54999179,0.38475844,774197,728152,141774,230262,189525,212636,147267,230849,188252,161784,41.47019797710563,38.53039901023091,40.04534857202683,1502349,0.51532435,0.49049789,0.49936348,0.50168484,0.56790769,0.19239271,0.3069267,0.25145754,0.24922305
45,0.93931758,0.94748408,0.9586277,0.0097854221,691131,525525,389503,31666.771,23470.439,17704.809,0.87143028,0.0091025047,691131,127813,135356,263096,33071,41010,73466,68533,80968,149265,0.45845744,0.307239,358978,337760,63971,97532,91241,106234,68345,96652,89693,83070,42.89426457871102,39.84907749651281,41.41803868282054,696738,0.51522666,0.48347139,0.50226587,0.50427783,0.56118202,0.18990783,0.27870446,0.25968727,0.27170041
46,0.90530777,0.84063447,0.84607828,0.0023817597,174540,145592,108475,27948.877,20823.633,17063.771,0.74694669,0.0019703913,174540,37743,39163,76641,11369,13787,24513,17859,20528,37928,0.44895098,0.27270243,92267,86635,12148,17340,23450,39329,12475,19101,21754,33305,50.32613451017527,47.40849601554947,48.91324029023878,178902,0.51574045,0.49335986,0.47583765,0.51875943,0.5414682,0.13763401,0.20369253,0.25267464,0.40599883
47,0.85504359,0.82075351,0.81520385,0.0042442139,329308,267411,201893,26928.988,20331.154,16116.362,0.79386938,0.0039511109,329308,72571,74760,147203,19501,23058,42206,26696,34352,60752,0.41156694,0.2428516,175364,161981,27365,39808,44389,63802,26577,40058,41959,53387,46.86877418435057,44.49016363750682,45.72665061772582,337345,0.51983577,0.50730413,0.49843487,0.51407099,0.54443675,0.15990159,0.23674873,0.25596347,0.34738621
48,0.75993186,0.74140048,0.79385608,0.00088026607,76848,65143,45622,26223.799,18365.475,14323.641,0.71114695,0.00082596159,76848,17336,15594,32760,5622,6436,11775,7410,10294,17540,0.4722513,0.28256142,43225,41190,6593,10542,11393,14697,6537,10486,10990,13177,46.49168158386124,44.40978514765558,45.4758279437202,84415,0.51205355,0.50213253,0.50133157,0.50900239,0.52726555,0.15554108,0.24910265,0.2651543,0.33020198
49,0.70832402,0.7880255,0.92404932,0.0088809235,831801,708050,452798,30524.529,19520.438,13350.906,0.80033004,0.010061354,831801,198085,203842,401887,54796,62311,116951,90864,106284,197119,0.43867159,0.27532241,535251,514881,102172,153054,132126,147899,110031,151680,133563,119607,41.29222909126761,38.66736498962412,40.00525541911784,1050132,0.50969881,0.48148236,0.50225443,0.49729571,0.55288106,0.20207269,0.29018638,0.25300533,0.25473559
50,0.77912414,0.77784538,0.89631665,0.0057496983,489589,451805,294021,29608.424,19268.264,14685.389,0.70714504,0.0052324855,489589,132967,139634,272398,32575,37506,69337,46035,55394,101052,0.3848103,0.22821808,310238,294713,50232,73237,81475,105294,52319,77494,79557,85343,45.7304724944869,43.09603020495356,44.4470551423906,604951,0.51283163,0.48982456,0.48587883,0.50595534,0.55232722,0.16951951,0.24916233,0.26619014,0.315128
51,0.94441932,0.94461274,0.97635299,0.0080123451,562844,445070,322902,32252.299,23399.313,17800.969,0.94269979,0.0080191689,562844,106043,112755,218398,31281,35402,65698,54960,65677,120117,0.45969576,0.29716262,302146,283042,53149,85763,75320,87914,52034,88922,72588,69498,42.40546320581743,39.79714804327571,41.14388167952075,585188,0.51632297,0.50530028,0.49095801,0.50923544,0.55849618,0.17974223,0.29851091,0.25275296,0.26899388
52,0.8131541,0.78992242,0.81258702,0.0020144288,164351,142634,103976,26842.545,19567.428,15326.805,0.722552,0.0017947723,164351,41667,43717,84909,10603,12656,22648,12633,14744,26816,0.36810967,0.19956391,93163,89293,14322,20853,23343,34645,15201,23339,23631,27122,47.22105516845412,43.48214818895876,45.39125428137255,182456,0.51060528,0.48511329,0.47187275,0.49693447,0.56089818,0.16180888,0.24220634,0.25745386,0.33853093
53,0.87409759,0.87687266,0.88879722,0.0040403022,306653,231068,170950,29360.031,21721.301,16475.504,0.85823566,0.0039776051,306653,63270,66885,130132,17204,19546,36533,24407,29310,53394,0.4086495,0.24263494,160115,153350,29428,39078,40190,51419,30410,41410,40530,41000,44.01031149501554,40.94752665805475,42.51196886825981,313465,0.51079071,0.49179453,0.48551336,0.49789396,0.55636829,0.19089213,0.2567687,0.25750881,0.29483035
54,0.89977658,0.89134026,0.91974038,0.0099734534,735367,569311,413736,30382.189,22079.682,16959.516,0.72700047,0.0080799134,735367,127373,141223,268222,41367,44877,85352,74844,84941,159226,0.47694618,0.31050313,380939,360649,60700,113891,93651,112697,65391,114388,91369,89501,42.80866028933404,39.79364225467754,41.34239700588901,741588,0.5136801,0.48139834,0.49891141,0.50616688,0.55735964,0.17002837,0.30782455,0.24949163,0.27265543
55,0.83641362,0.82169747,0.84086734,0.0022269324,176636,146432,107304,27776.742,20354.537,15765.214,0.61573416,0.0016437675,176636,41277,41349,82145,12009,13001,24194,13850,17229,30591,0.40009493,0.22340612,95922,93187,16460,21901,24577,32984,16548,24211,24980,27448,45.09575515142267,42.58889456349049,43.86045275145551,189109,0.5072313,0.498667,0.47495228,0.49593398,0.54580355,0.17454484,0.24383821,0.26205522,0.31956172
56,0.97139031,0.94213414,0.9447819,0.01139612,778317,610554,456563,31209.398,23337.914,18309.334,0.75176346,0.0088431221,778317,143499,155356,298854,46999,55438,102302,79163,94150,173223,0.47969198,0.30158311,404209,375905,63926,89330,104927,146026,66611,94540,98862,115892,46.60769864107372,43.23774884022081,44.98385753005731,780114,0.51814091,0.48971555,0.48583239,0.5148806,0.55752563,0.16733067,0.23569632,0.26122978,0.33574325
57,0.93160015,0.91716886,0.93551666,0.014715309,1047932,812172,597092,30903.334,22719.49,17559.346,0.68430281,0.010838004,1047932,198055,219188,416781,59067,67357,125441,110518,111875,221865,0.45453724,0.29036614,534876,516320,86832,143917,141879,162248,92580,150119,139859,133762,43.86823241353122,41.02510413715704,42.47176210942851,1051196,0.50882614,0.48398101,0.48945367,0.50358486,0.54811662,0.17067416,0.27971569,0.26801661,0.28159353
58,0.88151675,0.82792228,0.79068261,0.002595478,195335,162983,127975,26118.969,20508.734,16615.344,0.67046672,0.0019793618,195335,45374,48792,93958,12114,14238,25845,15194,19120,33853,0.3885172,0.22031681,104860,96303,14742,21401,24732,43985,14372,23164,23324,35443,49.37438880910224,45.92289592347242,47.72205166689587,201163,0.52126884,0.50635433,0.4802199,0.51464957,0.55377197,0.14472841,0.22153677,0.23889086,0.394844
59,0.85331672,0.87532383,0.88154316,0.033611894,2613220,1954499,1455312,29120.404,21682.934,16083.813,0.85102177,0.033611238,2613220,428698,484387,913047,132461,152893,284869,270248,298126,568280,0.48304322,0.32175365,1360874,1274018,252987,415853,332134,359900,260928,416832,324568,271690,40.75127596609028,37.71059528885832,39.28105163159579,2634892,0.51648188,0.49227402,0.49941215,0.50576061,0.56983167,0.19504215,0.31602243,0.24923299,0.23970242
60,0.92372262,0.94845432,0.96779215,0.011697937,840158,628105,461596,31969.506,23494.473,17410.865,0.69443649,0.0088178236,840158,161584,162312,323633,43602,54454,96757,75345,90498,165355,0.44748482,0.28229862,433429,415704,83546,120482,114521,114880,88703,118034,115499,93468,41.1186015620674,38.69969325846255,39.93439364030792,849133,0.51043713,0.48503038,0.50513172,0.49787411,0.55138516,0.20285279,0.28089356,0.27088806,0.24536556
61,0.74428684,0.74005371,0.81622624,0.0030530216,272134,242984,165206,26962.762,18332.113,14028.754,0.70763087,0.0029104322,272134,75157,79479,154357,16816,18962,34871,19928,24735,44167,0.33864477,0.18923713,162319,155700,25978,35330,40258,60753,27680,37937,40520,49563,47.09192278033834,43.48487544751274,45.32593617937025,318019,0.51040661,0.48414031,0.48220891,0.49837828,0.55071795,0.16872577,0.2303856,0.2540037,0.34688494
62,0.78956878,0.80351108,0.80795377,0.017351795,1457967,1112454,829627,26689.494,19904.037,14882.255,0.66727549,0.014703501,1457967,287876,314475,601985,85241,96656,180730,112476,132370,244138,0.41375738,0.2377536,765622,722291,143978,207091,190644,223909,145518,219579,186643,170551,42.20348499961693,38.81128461749071,40.55677884744924,1487913,0.514561,0.4973402,0.48536575,0.50530231,0.56763422,0.19456513,0.28675735,0.2535679,0.2651096
63,0.93700206,0.9192816,0.92634368,0.0096053323,680088,520802,387565,30600.32,22771.826,17661.164,0.7948246,0.0081696669,680088,117972,121071,238769,36714,45174,81298,72303,87313,159310,0.50191814,0.33232716,348605,324664,55077,96610,86839,110079,57868,94268,86535,85993,44.131796329911,41.07225471614126,42.6564226695448,673269,0.51777965,0.48764443,0.50613481,0.50087672,0.56142133,0.16775613,0.28350925,0.25751075,0.29122385
64,1.0107638,0.973382,0.96346819,0.010634265,697993,552254,418389,31826.67,24111.965,19051.469,0.9008745,0.0095034931,697993,119363,127440,246437,40986,50355,90663,81450,98842,179881,0.52331519,0.34794509,364377,334629,54647,88948,94860,125922,56051,90397,89848,98333,46.30522029935765,42.94481202663879,44.69652126286486,699006,0.5212788,0.49365842,0.4959603,0.51356739,0.56151259,0.15836488,0.25657147,0.26424381,0.32081985
65,0.88142276,0.83238906,0.80372453,0.0030582016,230184,185997,144451,26549.787,20619.383,16613.572,0.73412126,0.002553941,230184,44965,49476,93837,14963,17287,31560,21324,27708,48544,0.46052396,0.27908313,120978,110110,16548,26409,30694,47327,17388,26578,28526,37618,48.7377089262186,45.11879292970435,47.01334864286177,231088,0.52351487,0.48762375,0.49840528,0.51830465,0.55714875,0.14685315,0.2292936,0.256266,0.36758724
66,0.84300685,0.81576097,0.79970908,0.0062724939,493631,394441,301723,26417.143,20207.482,15889.487,0.65299207,0.0048716739,493631,95595,103753,199158,30456,37446,67603,46007,56872,102738,0.4610053,0.27804676,263058,238645,41023,62386,64387,95262,41957,59884,61355,75449,46.52275666646099,43.7476201486047,45.20270762932818,501703,0.52433014,0.49437213,0.51023144,0.51205641,0.55803084,0.16539666,0.24370992,0.25063035,0.34026307
67,1.0087013,0.99410814,1.0172926,0.017748082,1167299,892925,654332,33604.676,24625.379,19012.594,0.96382707,0.017003924,1167299,196406,210162,406474,58668,67535,125706,135256,148894,283904,0.50192136,0.34788576,595460,562125,95048,174950,159406,166056,98162,174122,152583,137258,42.66196273953874,40.36757316140448,41.54780418782777,1157585,0.51439852,0.49194142,0.50118601,0.51093465,0.54747224,0.16690783,0.30155194,0.26951715,0.26202309
68,1.0662434,1.0576011,1.0994523,0.012440143,774038,601604,433962,36318.691,26198.184,20097.18,0.81945115,0.0095863491,774038,147789,159570,307275,43744,49423,92911,80806,86661,167242,0.45847756,0.29473695,400329,383907,66704,106069,110390,117166,72389,105569,107297,98652,43.43131511941291,40.94034724654893,42.21191164455409,784236,0.51047009,0.47956404,0.50118124,0.50710422,0.54289263,0.17736115,0.26986519,0.27757844,0.27519521
69,1.0683084,1.0964066,1.104386,0.031394307,1949609,1442933,1074218,36481.668,27159.447,20136.102,1.3308209,0.039213449,1949609,254154,281098,535233,90053,105569,195461,267477,303170,570567,0.58868128,0.43847236,1012607,943273,180968,340072,239079,252488,192322,326666,235057,189228,40.29534042644691,37.3886469353459,38.89351359721032,1955880,0.51772451,0.48479199,0.5100534,0.50424141,0.57160711,0.19085526,0.34088901,0.2424157,0.22584003
70,0.84628952,0.83463651,0.84334797,0.0029630272,232279,184550,136962,27858.686,20675.055,15951.36,0.57851404,0.0020309149,232279,51036,53140,103846,13658,14973,27607,19621,23780,42924,0.40447423,0.24615632,122623,117588,21139,28285,32121,41078,22039,28586,31698,35265,45.01522964800203,42.57028514764607,43.81838120232707,240211,0.51048034,0.48957804,0.49735367,0.50331408,0.53807157,0.17975031,0.23675436,0.26567891,0.31781641
71,0.90964216,0.87553227,0.89012569,0.0075027728,547198,441195,325422,29403.914,21688.098,17145.469,0.72550219,0.0059999987,547198,119546,127304,246496,32607,37858,69602,44275,56102,99707,0.40718365,0.23979269,288005,270401,43930,62598,72820,108657,47438,65253,70428,87282,47.49988738096571,43.89918514957101,45.75629287920679,558406,0.51576275,0.48080289,0.48961681,0.50834918,0.55454504,0.16362289,0.22895707,0.2565302,0.35088986
72,0.87771088,0.87185609,0.89309949,0.0074625388,564064,440947,322795,29502.15,21597.033,16543.609,0.86657095,0.0073875492,564064,117015,124519,241465,30793,36247,66611,46225,54174,100176,0.40853932,0.24537785,297310,281316,51681,74209,75813,95607,53746,74835,73972,78763,44.23733129879528,41.44807824127219,42.8812532922905,578626,0.51382065,0.49020648,0.49789995,0.50614548,0.54829961,0.18220232,0.2575826,0.25886324,0.30135182
73,1.0586689,1.0445535,1.0310903,0.0071161841,445944,345195,262237,34060.461,25874.979,19954.41,1.0038702,0.0067659034,445944,80751,77392,158067,27109,31823,58558,50187,60968,111037,0.5175913,0.33887663,231839,220989,39474,59807,61860,70698,39578,61732,62593,57086,44.04945742876581,41.50991454107038,42.81011070333617,452828,0.5119803,0.4993422,0.49208072,0.49705511,0.55326176,0.17457402,0.26839992,0.27483505,0.28219104
74,1.1578687,1.1874111,1.3159926,0.015167581,869061,711346,481309,43471.766,29413.748,21824.189,0.85112798,0.01117926,869061,156463,155959,312376,53937,62436,116214,113849,133747,247547,0.53799897,0.36611959,489006,471194,89750,145761,132376,121119,95567,145798,132452,97377,40.71795420905794,38.46546239607643,39.6126000239208,960200,0.50927514,0.48430526,0.49993655,0.4998565,0.55433053,0.19299833,0.30364403,0.27580503,0.22755259
75,2.091702,2.0137694,1.7072005,0.066538274,2110401,1674172,1480883,56394.707,49883.742,39425.625,3.0745969,0.098066583,2110401,155859,183799,339662,73079,90224,163300,486745,553020,1039770,0.77983087,0.67397964,1124290,993976,141761,419992,276141,286396,145977,373219,258424,216356,41.71266816168426,39.6169486549474,40.72927143002815,2118266,0.53075957,0.4926739,0.52948332,0.5165714,0.56965661,0.13583657,0.37446243,0.25235972,0.2373413
76,0.90553772,0.91710263,0.90931016,0.01710741,1253346,955265,722479,30037.645,22717.85,17068.105,0.90533412,0.017149353,1253346,236684,255510,491981,63854,75181,138187,112584,136215,248301,0.43995634,0.28265199,654928,609781,114030,186134,161945,192819,119538,185374,154347,150522,42.48506846029631,39.46138973285161,41.02719772118233,1264709,0.51784879,0.48820901,0.50102288,0.51201105,0.56159621,0.18468122,0.29374978,0.25009072,0.27147827
77,0.98777747,1.0395293,1.0479757,0.02180567,1464548,1069678,795672,34618.242,25750.521,18618.209,0.89304996,0.019767296,1464548,235257,233713,468832,84461,99700,183771,148938,185943,334582,0.52508193,0.33892533,759310,721290,152859,233878,202189,170384,163517,221769,196908,139096,39.12925610070867,36.94594002220089,38.06563081594218,1480600,0.51283938,0.48315611,0.51328772,0.50661618,0.55054933,0.21368094,0.30774483,0.26955086,0.20902337
78,1.4097211,1.4523582,1.4440242,0.031336941,1474744,1068207,805657,47701.09,35976.844,26571.25,1.2074517,0.026912518,1474744,170918,187216,358081,65387,80257,145338,231247,254030,485209,0.63780004,0.49079028,747371,706849,145436,211392,199943,190600,150630,208321,196451,151447,40.96768585167389,38.44891120577329,39.74339173502376,1454220,0.51393253,0.49122831,0.50365847,0.50440472,0.55723333,0.20359093,0.28861725,0.27258188,0.23520994
79,0.9102807,0.88916475,0.88565487,0.0051618372,376203,287685,216586,29256.229,22025.791,17157.504,0.81914163,0.0046574599,376203,79112,80691,159713,21515,25310,46578,33294,39767,72822,0.42778373,0.26090509,197210,188122,34519,46043,51826,64822,35918,46704,51131,54369,44.91729538500064,42.43515077444679,43.7054938949663,385332,0.51179242,0.49006915,0.49643654,0.50337517,0.54384977,0.18279561,0.24069373,0.26719037,0.30932027
80,0.83817697,0.83415943,0.85083556,0.0071949121,569486,443818,326290,28106.027,20663.236,15798.45,0.7302832,0.0062855352,569486,110489,120194,230215,30544,34879,64256,48680,58380,106240,0.4254837,0.26512873,300440,281458,50210,84266,76922,89042,52915,85412,72203,70928,42.85672935040936,39.81592301162425,41.38592331736965,581898,0.51631039,0.48688486,0.49662301,0.51582229,0.55661684,0.17722178,0.29159406,0.25627345,0.27491072
81,0.86742383,0.84380001,0.85059339,0.00516738,395214,312730,232639,28098.027,20902.047,16349.713,0.65814435,0.0039311661,395214,77051,78676,155548,21965,28299,49811,39804,47808,87374,0.46863523,0.29847676,208026,192638,33846,48632,52058,73490,34218,47394,51207,59819,46.12047242653887,43.60508550962086,44.91108209773631,400664,0.51920313,0.49726728,0.50644618,0.50412047,0.55127561,0.16987801,0.23966715,0.25773466,0.33272019
82,0.81494081,0.82214618,0.82513952,0.0033013944,268760,206072,153970,27257.197,20365.652,15360.481,0.61468631,0.0024968132,268760,52936,52671,105444,15628,19286,34617,23507,29192,52628,0.45277622,0.27312404,139527,133693,25546,35384,35921,42676,27547,34866,35233,36047,43.64426706014397,41.00843804769252,42.35449369986369,273220,0.51067638,0.48115569,0.50368685,0.50483459,0.54210335,0.19432326,0.25711879,0.2604275,0.28813043
83,1.0402527,0.99191898,0.96178204,0.017486474,1115210,884945,684402,31770.971,24571.15,19607.293,0.69122022,0.011650404,1115210,200873,217990,418857,68141,88199,156262,120218,136739,256922,0.49659091,0.30878526,576910,532101,82814,135193,148748,210155,86807,138533,139342,167419,47.20450711921866,43.97087148536166,45.65301613170851,1109011,0.52020222,0.48822963,0.49389902,0.51632476,0.55659288,0.15294799,0.24681991,0.259772,0.34046009
84,0.91007292,0.90229899,0.86270928,0.0077994196,568564,440345,345362,28498.256,22351.145,17153.588,0.89473855,0.0076885317,568564,108129,112652,220749,30048,40139,70007,53329,66308,119513,0.46194082,0.29130399,298808,274943,49661,76924,78453,93770,53877,72371,72660,76035,44.2820564706732,41.36286982128277,42.88317477809952,573751,0.52079737,0.47964033,0.51524836,0.51916778,0.55222166,0.18045807,0.2602087,0.26337731,0.2959559
85,0.94964749,0.92891777,0.9451943,0.010145409,708762,544009,400920,31223.021,23010.527,17899.512,0.78806597,0.0084417192,708762,152477,159013,311479,42536,48618,91063,57294,69407,126606,0.41135749,0.23926388,372664,354381,63633,86032,95144,127855,66598,88832,93427,105524,45.4852358684962,42.58512521423248,44.07164523994603,727045,0.51257348,0.48861638,0.49199378,0.50455266,0.5478428,0.17912371,0.24051331,0.25936633,0.32099664
86,0.84910548,0.83247745,0.86852366,0.0056783939,443667,347907,250063,28690.326,20621.572,16004.438,0.8149187,0.0054643597,443667,81379,83603,164937,24517,29858,54031,44233,53311,97332,0.47854254,0.30772051,234869,217277,38418,64742,56624,75085,38356,63152,55069,60700,43.92985707019541,41.54864492430296,42.7855747819539,452146,0.51945388,0.50040376,0.50621611,0.50696105,0.55296975,0.16979913,0.28285995,0.24702862,0.30031228
87,0.88897127,0.85431212,0.85782444,0.0049380371,368519,296093,221127,28336.893,21162.445,16755.852,0.85445172,0.004758996,368519,68965,77599,146505,22961,24009,46566,35639,45013,80441,0.46435621,0.2941041,197126,177904,29555,48529,47945,71097,29988,46740,45464,55712,46.28246813757147,43.29613047326273,44.86583091777137,375030,0.52562726,0.49636397,0.50938922,0.51328033,0.56066209,0.15876864,0.25403035,0.24907073,0.3381303
88,0.87740129,0.83951086,0.83746719,0.0047007683,355438,292194,219647,27664.424,20795.799,16537.773,0.69000721,0.0037066825,355438,81318,85260,166253,20140,24763,44093,27829,34814,62225,0.39005616,0.22828914,190377,177149,28119,44065,49289,68904,29207,44498,47246,56198,46.95337234167091,43.8055942346484,45.43613032284036,367526,0.51799601,0.4905104,0.4975554,0.51058167,0.55078256,0.15597808,0.2409707,0.2626617,0.34038952
89,0.86356688,0.84540915,0.85483897,0.0042903223,329600,272012,201728,28238.273,20941.908,16277.015,0.67116374,0.0033433633,329600,78307,81445,159498,17892,22768,39959,25844,32225,57571,0.37945282,0.22398727,179559,171024,28458,41333,47035,62733,30913,43708,45354,51049,46.22421047781393,42.47643478597691,44.39594286106163,350583,0.51217258,0.47932494,0.48603615,0.5090974,0.5513438,0.16934934,0.24257024,0.2635296,0.32455081
90,0.92647314,0.93121046,0.96540439,0.0019313813,138302,109479,79189,31890.629,23067.32,17462.709,0.79054135,0.001652422,138302,24941,27648,52579,8045,9123,17093,16064,16477,32450,0.48513544,0.31775719,72295,72865,12389,18533,18946,22427,14790,21031,18727,18317,43.7654504054298,39.74386179908371,41.74676011296533,145160,0.49803665,0.45582986,0.46843091,0.50290662,0.55043685,0.18723477,0.27255443,0.25952742,0.2806834
91,1.0558987,1.1058362,1.1086673,0.02124905,1335090,980790,733603,36623.094,27393.031,19902.197,1.1419718,0.023042725,1335090,192785,196644,389375,69647,81374,150802,167851,195964,363757,0.56924397,0.40241545,698089,665229,142031,218393,179931,157734,144065,213875,181718,125571,39.15481603173007,37.06326136992158,38.13424512416726,1363318,0.51205146,0.49644524,0.5052259,0.49752936,0.55676389,0.20985273,0.31707057,0.26527119,0.20780551
92,1.636204,1.6717585,1.6157794,0.040717069,1650944,1213415,941448,53374.754,41411.68,30840.133,3.1941791,0.079700217,1650944,148324,173732,322050,59733,79026,138757,311553,350368,661918,0.71315324,0.58956379,854328,775028,152124,277640,228644,195920,155573,263592,211783,144080,40.20900854878776,37.42737502306368,38.88588246291786,1629356,0.52433479,0.49439546,0.51297778,0.51914167,0.57623529,0.18884578,0.3321754,0.27030742,0.20867141
93,0.7530809,0.81629461,0.77190375,0.019510489,1718778,1192049,945308,25498.637,20220.701,14194.51,1.1361123,0.0295127,1718778,293918,282510,576429,81628,93139,174771,158648,187104,345749,0.47451612,0.31519151,859610,838516,192396,297005,212186,158023,196663,288083,217187,136583,36.38985103891591,35.22812776530203,35.81620519656668,1698126,0.50621098,0.49451625,0.50762451,0.49417639,0.53638756,0.22911079,0.34454924,0.2528511,0.1734889
94,1.1091292,1.1415496,1.1086526,0.02422813,1449209,1058113,817009,36622.609,28277.699,20905.518,1.2459111,0.027288897,1449209,184303,203774,388079,66930,78377,145309,202026,232580,434609,0.5990907,0.44897762,742024,689225,136223,242971,191046,171784,142116,231011,184759,131339,39.85095151803547,37.27983024978236,38.61281536812427,1431249,0.51844507,0.48941398,0.51261652,0.50836474,0.56671387,0.1944728,0.33116668,0.26257136,0.21178915
95,0.9775669,1.0414189,1.0087998,0.01906441,1293809,909290,703912,33324.129,25797.33,18425.754,0.85683775,0.0167547,1293809,188472,194994,383368,67030,78389,145299,138785,166874,305603,0.54047489,0.36631188,656976,615950,139488,211682,165340,140466,142293,199745,157873,116039,38.20843564518439,36.25417326639744,37.26279660040427,1272926,0.51611483,0.49502274,0.51450682,0.5115512,0.54761505,0.2213648,0.32321361,0.25391343,0.20150818
